15.7,0.9,64,28,28,32,32,1,1,4,6422528,4096.0,6422528,51380224.0,6426624.0,3.2726257324840766,7.140693333333333,7.140693333333333,163.5517578125,0.020009725216380128,0.314152685897168,11.459077020080723
15.7,0.9,64,28,28,32,32,2,1,4,6422528,2048.0,6422528,25690112.0,6424576.0,1.6363128662420383,7.138417777777778,7.138417777777778,173.760009765625,0.009417085487329148,0.14784824215106762,24.348972988371944
15.7,0.9,64,28,28,32,32,4,1,4,6422528,1024.0,6422528,12845056.0,6423552.0,0.8181564331210192,7.13728,7.13728,263.23193359375,0.003108119983587147,0.0487974837423182,73.77397692446806
15.7,0.9,64,28,28,32,32,8,1,4,6422528,512.0,6422528,6422528.0,6423040.0,0.4090782165605096,7.1367111111111114,7.1367111111111114,159.807861328125,0.0025598128475079894,0.04018906170587543,89.57629344414691
15.7,0.9,64,28,28,32,32,16,1,4,6422528,256.0,6422528,3211264.0,6422784.0,0.2045391082802548,7.136426666666667,7.136426666666667,152.3203125,0.0013428222731636976,0.021082309688670052,170.75896002321826
15.7,0.9,64,28,28,32,32,32,1,4,6422528,128.0,6422528,1605632.0,6422656.0,0.1022695541401274,7.136284444444445,7.136284444444445,100.86401367187494,0.001013935004339852,0.015918779568135675,226.14767095993957
15.7,0.9,64,28,28,32,64,1,1,4,6422528,8192.0,12845056,102760448.0,12845056,6.545251464968153,14.272284444444445,14.272284444444445,260.320068359375,0.02514309214121884,0.39474654661713576,12.159275886558351
15.7,0.9,64,28,28,32,64,2,1,4,6422528,4096.0,12845056,51380224.0,12845056,3.2726257324840766,14.272284444444445,14.272284444444445,187.712158203125,0.017434276840729405,0.27371814639945163,17.53586193087961
15.7,0.9,64,28,28,32,64,4,1,4,6422528,2048.0,12845056,25690112.0,12845056,1.6363128662420383,14.272284444444445,14.272284444444445,212.32006835937455,0.007706821493069618,0.120997097441193,39.669947933988425
15.7,0.9,64,28,28,32,64,8,1,4,6422528,1024.0,12845056,12845056.0,12845056,0.8181564331210192,14.272284444444445,14.272284444444445,267.48828125,0.003058662717101814,0.04802100465849848,99.95583426546887
15.7,0.9,64,28,28,32,64,16,1,4,6422528,512.0,12845056,6422528.0,12845056,0.4090782165605096,14.272284444444445,14.272284444444445,352.672119140625,0.0011599392023314242,0.01821104547660336,263.5758756066666
15.7,0.9,64,28,28,32,64,32,1,4,6422528,256.0,12845056,3211264.0,12845056,0.2045391082802548,14.272284444444445,14.272284444444445,129.44003295898443,0.0015801843031441976,0.0248088935593639,193.47857817662825
15.7,0.9,64,28,28,32,128,1,1,4,6422528,16384.0,25690112,205520896.0,25690112,13.090502929936306,28.54456888888889,28.54456888888889,238.2080078125,0.05495408424825163,0.8627791226975505,6.675590142425225
15.7,0.9,64,28,28,32,128,2,1,4,6422528,8192.0,25690112,102760448.0,25690112,6.545251464968153,28.54456888888889,28.54456888888889,222.43212890625,0.02942583653338509,0.4619856335741459,12.467409967889592
15.7,0.9,64,28,28,32,128,4,1,4,6422528,4096.0,25690112,51380224.0,25690112,3.2726257324840766,28.54456888888889,28.54456888888889,1305.27978515625,0.002507221646807564,0.039363379854878755,146.32838790465374
15.7,0.9,64,28,28,32,128,8,1,4,6422528,2048.0,25690112,25690112.0,25690112,1.6363128662420383,28.54456888888889,28.54456888888889,280.64013671875,0.005830644487897706,0.09154111845999398,62.92203320483773
15.7,0.9,64,28,28,32,128,16,1,4,6422528,1024.0,25690112,12845056.0,25690112,0.8181564331210192,28.54456888888889,28.54456888888889,369.53564453125,0.002214012221091249,0.03475999187113261,165.70723855933366
15.7,0.9,64,28,28,32,128,32,1,4,6422528,512.0,25690112,6422528.0,25690112,0.4090782165605096,28.54456888888889,28.54456888888889,144.864013671875,0.00282387741573345,0.04433487542701516,129.9197826696902
15.7,0.9,64,28,28,32,256,1,1,4,6422528,32768.0,51380224,411041792.0,51380224,26.181005859872613,57.08913777777778,57.08913777777778,309.599609375,0.08456407911083984,1.3276560420401853,4.8199587527856815
15.7,0.9,64,28,28,32,256,2,1,4,6422528,16384.0,51380224,205520896.0,51380224,13.090502929936306,57.08913777777778,57.08913777777778,290.49609375,0.045062578160524086,0.7074824771202282,9.045593551497339
15.7,0.9,64,28,28,32,256,4,1,4,6422528,8192.0,51380224,102760448.0,51380224,6.545251464968153,57.08913777777778,57.08913777777778,279.2958984375,0.023434828443901514,0.36792680656925375,17.394197189348354
15.7,0.9,64,28,28,32,256,8,1,4,6422528,4096.0,51380224,51380224.0,51380224,3.2726257324840766,57.08913777777778,57.08913777777778,281.439697265625,0.011628159652955236,0.18256210655139718,35.05599616282112
15.7,0.9,64,28,28,32,256,16,1,4,6422528,2048.0,51380224,25690112.0,51380224,1.6363128662420383,57.08913777777778,57.08913777777778,360.064453125,0.004544499886174478,0.0713486482129393,89.69980109251546
15.7,0.9,64,28,28,32,256,32,1,4,6422528,1024.0,51380224,12845056.0,51380224,0.8181564331210192,57.08913777777778,57.08913777777778,250.68798828125,0.0032636443362540337,0.05123921607918833,124.90376400244752
15.7,0.9,64,28,28,32,512,1,1,4,6422528,65536.0,102760448,822083584.0,102760448,52.362011719745226,114.17827555555556,114.17827555555556,580.19189453125,0.09024947127544701,1.416916699024518,4.781946675259383
15.7,0.9,64,28,28,32,512,2,1,4,6422528,32768.0,102760448,411041792.0,102760448,26.181005859872613,114.17827555555556,114.17827555555556,530.3359375,0.04936683337601011,0.7750592840033587,8.742563964367486
15.7,0.9,64,28,28,32,512,4,1,4,6422528,16384.0,102760448,205520896.0,102760448,13.090502929936306,114.17827555555556,114.17827555555556,512.70458984375,0.025532252274015572,0.40085636070204445,16.90438431937869
15.7,0.9,64,28,28,32,512,8,1,4,6422528,8192.0,102760448,102760448.0,102760448,6.545251464968153,114.17827555555556,114.17827555555556,525.69580078125,0.01245064437501895,0.19547511668779752,34.66606579422235
15.7,0.9,64,28,28,32,512,16,1,4,6422528,4096.0,102760448,51380224.0,102760448,3.2726257324840766,114.17827555555556,114.17827555555556,520.70458984375,0.0062849949785656915,0.09867442116348135,68.6744475416204
15.7,0.9,64,28,28,32,512,32,1,4,6422528,2048.0,102760448,25690112.0,102760448,1.6363128662420383,114.17827555555556,114.17827555555556,462.4000244140625,0.0035387387107418907,0.05555819775864768,121.97006946508766
15.7,0.9,64,28,28,32,1024,1,1,4,6422528,131072.0,205520896,1644167168.0,205520896,104.72402343949045,228.35655111111112,228.35655111111112,1100.5439453125,0.09515660313750944,1.4939586692588982,4.672749265300395
15.7,0.9,64,28,28,32,1024,2,1,4,6422528,65536.0,205520896,822083584.0,205520896,52.362011719745226,228.35655111111112,228.35655111111112,1035.16748046875,0.05058313046699881,0.7941551483318813,8.790885594278924
15.7,0.9,64,28,28,32,1024,4,1,4,6422528,32768.0,205520896,411041792.0,205520896,26.181005859872613,228.35655111111112,228.35655111111112,978.23974609375,0.026763383888680745,0.42018512705228767,16.61543419218093
15.7,0.9,64,28,28,32,1024,8,1,4,6422528,16384.0,205520896,205520896.0,205520896,13.090502929936306,228.35655111111112,228.35655111111112,969.6962890625,0.01349959062191748,0.21194357276410442,32.94125421532305
15.7,0.9,64,28,28,32,1024,16,1,4,6422528,8192.0,205520896,102760448.0,205520896,6.545251464968153,228.35655111111112,228.35655111111112,968.86376953125,0.006755595235163803,0.10606284519207171,65.82656326836542
15.7,0.9,64,28,28,32,1024,32,1,4,6422528,4096.0,205520896,51380224.0,205520896,3.2726257324840766,228.35655111111112,228.35655111111112,885.5037841796877,0.00369577837040614,0.058023720415376394,120.32634667813522
15.7,0.9,64,28,28,32,2048,1,1,4,6422528,262144.0,411041792,3288334336.0,411041792,209.4480468789809,456.71310222222223,456.71310222222223,2179.680175781249,0.09609118310392016,1.5086315747315464,4.69848540398165
15.7,0.9,64,28,28,32,2048,2,1,4,6422528,131072.0,411041792,1644167168.0,411041792,104.72402343949045,456.71310222222223,456.71310222222223,1989.11962890625,0.05264842894194085,0.8265803343884713,8.57595012678269
15.7,0.9,64,28,28,32,2048,4,1,4,6422528,65536.0,411041792,822083584.0,411041792,52.362011719745226,456.71310222222223,456.71310222222223,1904.09521484375,0.027499681377037677,0.43174499761949153,16.419320888159977
15.7,0.9,64,28,28,32,2048,8,1,4,6422528,32768.0,411041792,411041792.0,411041792,26.181005859872613,456.71310222222223,456.71310222222223,1880.41650390625,0.013922982384746126,0.21859082344051417,32.430883396513984
15.7,0.9,64,28,28,32,2048,16,1,4,6422528,16384.0,411041792,205520896.0,411041792,13.090502929936306,456.71310222222223,456.71310222222223,1839.99951171875,0.0071144056542213,0.1116961687712744,63.468252388012466
15.7,0.9,64,28,28,32,2048,32,1,4,6422528,8192.0,411041792,102760448.0,411041792,6.545251464968153,456.71310222222223,456.71310222222223,1730.7839355468745,0.0037816687170140937,0.05937219885712127,119.4025760087712
15.7,0.9,64,28,28,64,32,1,1,4,12845056,8192.0,6422528,102760448.0,12853248.0,6.545251464968153,14.281386666666666,14.281386666666666,166.944091796875,0.039206247999072186,0.6155380935854333,7.797629978786521
15.7,0.9,64,28,28,64,32,2,1,4,12845056,4096.0,6422528,51380224.0,12849152.0,3.2726257324840766,14.276835555555556,14.276835555555556,199.6162109375,0.016394588982097943,0.2573950470189377,18.647952316569636
15.7,0.9,64,28,28,64,32,4,1,4,12845056,2048.0,6422528,25690112.0,12847104.0,1.6363128662420383,14.27456,14.27456,221.119873046875,0.007400116704549473,0.11618183226142671,41.314123813797835
15.7,0.9,64,28,28,64,32,8,1,4,12845056,1024.0,6422528,12845056.0,12846080.0,0.8181564331210192,14.273422222222223,14.273422222222223,217.08837890625,0.0037687712131027587,0.05916970804571331,81.12216540096568
15.7,0.9,64,28,28,64,32,16,1,4,12845056,512.0,6422528,6422528.0,12845568.0,0.4090782165605096,14.272853333333334,14.272853333333334,160.06347656250045,0.002555724924547516,0.040124881315395995,119.62609689414131
15.7,0.9,64,28,28,64,32,32,1,4,12845056,256.0,6422528,3211264.0,12845312.0,0.2045391082802548,14.27256888888889,14.27256888888889,152.672119140625,0.0013397279701859353,0.02103372913191918,228.2044723017686
15.7,0.9,64,28,28,64,64,1,1,4,12845056,16384.0,12845056,205520896.0,12861440.0,13.090502929936306,14.29048888888889,14.29048888888889,203.583984375,0.0643002590312984,1.009514066791385,7.131506547635915
15.7,0.9,64,28,28,64,64,2,1,4,12845056,8192.0,12845056,102760448.0,12853248.0,6.545251464968153,14.281386666666666,14.281386666666666,200.89599609375,0.03258029822512615,0.5115106821344805,14.075314617886837
15.7,0.9,64,28,28,64,64,4,1,4,12845056,4096.0,12845056,51380224.0,12849152.0,3.2726257324840766,14.276835555555556,14.276835555555556,206.36791992187545,0.015858209617672127,0.24897389099745237,28.918057177748064
15.7,0.9,64,28,28,64,64,8,1,4,12845056,2048.0,12845056,25690112.0,12847104.0,1.6363128662420383,14.27456,14.27456,261.40771484375,0.006259619641371732,0.09827602836953618,73.26239616530283
15.7,0.9,64,28,28,64,64,16,1,4,12845056,1024.0,12845056,12845056.0,12846080.0,0.8181564331210192,14.273422222222223,14.273422222222223,522.8154296875,0.001564904910342933,0.024569007092384045,293.05149792651747
15.7,0.9,64,28,28,64,64,32,1,4,12845056,512.0,12845056,6422528.0,12845568.0,0.4090782165605096,14.272853333333334,14.272853333333334,634.7197265625,0.0006445021313202059,0.010118683461727233,711.5543809618268
15.7,0.9,64,28,28,64,64,64,1,4,12845056,256.0,12845056,3211264.0,12845312.0,0.2045391082802548,14.27256888888889,14.27256888888889,122.17608642578125,0.001674133738147742,0.02628389968891955,273.9313162248962
15.7,0.9,64,28,28,64,128,1,1,4,12845056,32768.0,25690112,411041792.0,25690112,26.181005859872613,28.54456888888889,28.54456888888889,221.7919921875,0.11804306188719176,1.8532760716289105,5.179165819875236
15.7,0.9,64,28,28,64,128,2,1,4,12845056,16384.0,25690112,205520896.0,25690112,13.090502929936306,28.54456888888889,28.54456888888889,225.85595703125045,0.05795952031553033,0.9099644689538262,10.5490121298096
15.7,0.9,64,28,28,64,128,4,1,4,12845056,8192.0,25690112,102760448.0,25690112,6.545251464968153,28.54456888888889,28.54456888888889,214.847900390625,0.030464581934791665,0.47829393637622913,20.070489206281653
15.7,0.9,64,28,28,64,128,8,1,4,12845056,4096.0,25690112,51380224.0,25690112,3.2726257324840766,28.54456888888889,28.54456888888889,280.76806640625,0.011655975604251363,0.1829988169867464,52.45850517960633
15.7,0.9,64,28,28,64,128,16,1,4,12845056,2048.0,25690112,25690112.0,25690112,1.6363128662420383,28.54456888888889,28.54456888888889,354.23974609375,0.0046192243650970384,0.0725218225320235,132.37309814634776
15.7,0.9,64,28,28,64,128,32,1,4,12845056,1024.0,25690112,12845056.0,25690112,0.8181564331210192,28.54456888888889,28.54456888888889,554.01611328125,0.001476773713810155,0.023185347306819433,414.05376238401243
15.7,0.9,64,28,28,64,128,64,1,4,12845056,512.0,25690112,6422528.0,25690112,0.4090782165605096,28.54456888888889,28.54456888888889,146.4320068359375,0.0027936393511211045,0.04386013781260134,218.8767108982112
15.7,0.9,64,28,28,64,256,1,1,4,12845056,65536.0,51380224,822083584.0,51380224,52.362011719745226,57.08913777777778,57.08913777777778,351.48779296875,0.14897248999028714,2.338868092847508,4.924439063120861
15.7,0.9,64,28,28,64,256,2,1,4,12845056,32768.0,51380224,411041792.0,51380224,26.181005859872613,57.08913777777778,57.08913777777778,315.55200195312545,0.08296891066392836,1.3026118974236753,8.842749576422646
15.7,0.9,64,28,28,64,256,4,1,4,12845056,16384.0,51380224,205520896.0,51380224,13.090502929936306,57.08913777777778,57.08913777777778,292.064453125,0.04482059624124724,0.7036833609875817,16.36997916163231
15.7,0.9,64,28,28,64,256,8,1,4,12845056,8192.0,51380224,102760448.0,51380224,6.545251464968153,57.08913777777778,57.08913777777778,288.47998046875,0.022688754534483813,0.35621344619139583,32.33914002982938
15.7,0.9,64,28,28,64,256,16,1,4,12845056,4096.0,51380224,51380224.0,51380224,3.2726257324840766,57.08913777777778,57.08913777777778,342.75195312500045,0.009548087772064602,0.14990497802141425,76.84766168399744
15.7,0.9,64,28,28,64,256,32,1,4,12845056,2048.0,51380224,25690112.0,51380224,1.6363128662420383,57.08913777777778,57.08913777777778,533.6328125,0.0030663647885071504,0.04814192717956226,239.2914357710858
15.7,0.9,64,28,28,64,256,64,1,4,12845056,1024.0,51380224,12845056.0,51380224,0.8181564331210192,57.08913777777778,57.08913777777778,252.5760498046875,0.003239247877040142,0.05085619166953023,226.520070177195
15.7,0.9,64,28,28,64,512,1,1,4,12845056,131072.0,102760448,1644167168.0,102760448,104.72402343949045,114.17827555555556,114.17827555555556,647.3603515625,0.16177083317926952,2.5398020809145314,5.0386289947427585
15.7,0.9,64,28,28,64,512,2,1,4,12845056,65536.0,102760448,822083584.0,102760448,52.362011719745226,114.17827555555556,114.17827555555556,586.81640625,0.08923065402066752,1.40092126812448,9.135710867624432
15.7,0.9,64,28,28,64,512,4,1,4,12845056,32768.0,102760448,411041792.0,102760448,26.181005859872613,114.17827555555556,114.17827555555556,543.6162109375,0.04816082620995028,0.7561249714962194,16.927284771622983
15.7,0.9,64,28,28,64,512,8,1,4,12845056,16384.0,102760448,205520896.0,102760448,13.090502929936306,114.17827555555556,114.17827555555556,546.9755859375,0.02393251776950807,0.3757405289812767,34.064927797468876
15.7,0.9,64,28,28,64,512,16,1,4,12845056,8192.0,102760448,102760448.0,102760448,6.545251464968153,114.17827555555556,114.17827555555556,551.7431640625009,0.011862859191177426,0.18624688930148559,68.72484627116035
15.7,0.9,64,28,28,64,512,32,1,4,12845056,4096.0,102760448,51380224.0,102760448,3.2726257324840766,114.17827555555556,114.17827555555556,623.263671875,0.005250788518828393,0.08243737974560576,155.26823600025133
15.7,0.9,64,28,28,64,512,64,1,4,12845056,2048.0,102760448,25690112.0,102760448,1.6363128662420383,114.17827555555556,114.17827555555556,465.31201171875,0.0035165927915720347,0.055210506827680944,231.83879552136196
15.7,0.9,64,28,28,64,1024,1,1,4,12845056,262144.0,205520896,3288334336.0,205520896,209.4480468789809,228.35655111111112,228.35655111111112,1242.23974609375,0.16860517266300235,2.6471012108091365,5.118717534702366
15.7,0.9,64,28,28,64,1024,2,1,4,12845056,131072.0,205520896,1644167168.0,205520896,104.72402343949045,228.35655111111112,228.35655111111112,1112.54345703125,0.09413027668954138,1.4778453440257997,9.16954342156899
15.7,0.9,64,28,28,64,1024,4,1,4,12845056,65536.0,205520896,822083584.0,205520896,52.362011719745226,228.35655111111112,228.35655111111112,1025.56787109375,0.051056603073867814,0.8015886682597246,16.90640027955228
15.7,0.9,64,28,28,64,1024,8,1,4,12845056,32768.0,205520896,411041792.0,205520896,26.181005859872613,228.35655111111112,228.35655111111112,991.583984375,0.026403215736057518,0.414530487056103,32.693478438891425
15.7,0.9,64,28,28,64,1024,16,1,4,12845056,16384.0,205520896,205520896.0,205520896,13.090502929936306,228.35655111111112,228.35655111111112,990.17578125,0.01322038286314257,0.20756001095133836,65.29529432317361
15.7,0.9,64,28,28,64,1024,32,1,4,12845056,8192.0,205520896,102760448.0,205520896,6.545251464968153,228.35655111111112,228.35655111111112,1004.7041015625,0.006514606096251704,0.10227931571115174,132.50791030370888
15.7,0.9,64,28,28,64,1024,64,1,4,12845056,4096.0,205520896,51380224.0,205520896,3.2726257324840766,228.35655111111112,228.35655111111112,888.5439453125,0.0036831332313373624,0.057825191731996586,234.37659871993233
15.7,0.9,64,28,28,64,2048,1,1,4,12845056,524288.0,411041792,6576668672.0,411041792,418.8960937579618,456.71310222222223,456.71310222222223,2482.1435546875,0.16876384646120943,2.649592389440988,5.268870505788256
15.7,0.9,64,28,28,64,2048,2,1,4,12845056,262144.0,411041792,3288334336.0,411041792,209.4480468789809,456.71310222222223,456.71310222222223,2239.83984375,0.09351027818503191,1.4681113675050008,9.510055454114962
15.7,0.9,64,28,28,64,2048,4,1,4,12845056,131072.0,411041792,1644167168.0,411041792,104.72402343949045,456.71310222222223,456.71310222222223,2006.5595703125,0.05219083698730201,0.8193961407006415,17.040137478209754
15.7,0.9,64,28,28,64,2048,8,1,4,12845056,65536.0,411041792,822083584.0,411041792,52.362011719745226,456.71310222222223,456.71310222222223,1946.75244140625,0.02689710854140302,0.4222846041000274,33.06564795830844
15.7,0.9,64,28,28,64,2048,16,1,4,12845056,32768.0,411041792,411041792.0,411041792,26.181005859872613,456.71310222222223,456.71310222222223,1901.280273437499,0.013770198021640213,0.21619210893975133,64.58778275069292
15.7,0.9,64,28,28,64,2048,32,1,4,12845056,16384.0,411041792,205520896.0,411041792,13.090502929936306,456.71310222222223,456.71310222222223,1856.57666015625,0.007050881986653116,0.11069884719045392,126.13951996099676
15.7,0.9,64,28,28,64,2048,64,1,4,12845056,8192.0,411041792,102760448.0,411041792,6.545251464968153,456.71310222222223,456.71310222222223,1736.89599609375,0.003768361191279336,0.05916327070308557,236.0174314419871
15.7,0.9,64,28,28,128,32,1,1,4,25690112,16384.0,6422528,205520896.0,25706496.0,13.090502929936306,28.562773333333332,28.562773333333332,192.09619140625,0.06814556204423737,1.0698853240945267,5.383244363142519
15.7,0.9,64,28,28,128,32,2,1,4,25690112,8192.0,6422528,102760448.0,25698304.0,6.545251464968153,28.55367111111111,28.55367111111111,213.02392578125,0.03072542880319153,0.482389232210107,11.94005483218602
15.7,0.9,64,28,28,128,32,4,1,4,25690112,4096.0,6422528,51380224.0,25694208.0,3.2726257324840766,28.54912,28.54912,235.68017578125,0.013885876152441485,0.2180082555933313,26.420507588678475
15.7,0.9,64,28,28,128,32,8,1,4,25690112,2048.0,6422528,25690112.0,25692160.0,1.6363128662420383,28.546844444444446,28.546844444444446,235.0078125,0.006962801997240148,0.10931599135667032,52.69077428700973
15.7,0.9,64,28,28,128,32,16,1,4,25690112,1024.0,6422528,12845056.0,25691136.0,0.8181564331210192,28.545706666666668,28.545706666666668,321.31201171875,0.0025462989346229786,0.03997689327358076,144.08272209167484
15.7,0.9,64,28,28,128,32,32,1,4,25690112,512.0,6422528,6422528.0,25690624.0,0.4090782165605096,28.54513777777778,28.54513777777778,832.41552734375,0.0004914351103779672,0.007715531232934085,746.545622019865
15.7,0.9,64,28,28,128,64,1,1,4,25690112,32768.0,12845056,411041792.0,25722880.0,26.181005859872613,28.58097777777778,28.58097777777778,236.5439453125,0.1106813612383301,1.7376973714417825,5.5237019540501295
15.7,0.9,64,28,28,128,64,2,1,4,25690112,16384.0,12845056,205520896.0,25706496.0,13.090502929936306,28.562773333333332,28.562773333333332,233.21630859375,0.05613030670483359,0.8812458152658874,10.892818411191305
15.7,0.9,64,28,28,128,64,4,1,4,25690112,8192.0,12845056,102760448.0,25698304.0,6.545251464968153,28.55367111111111,28.55367111111111,228.0,0.028707243267404182,0.45070371929824565,21.29917357568027
15.7,0.9,64,28,28,128,64,8,1,4,25690112,4096.0,12845056,51380224.0,25694208.0,3.2726257324840766,28.54912,28.54912,253.53613281249955,0.012907926362134422,0.2026544438855104,47.370427663634345
15.7,0.9,64,28,28,128,64,16,1,4,25690112,2048.0,12845056,25690112.0,25692160.0,1.6363128662420383,28.546844444444446,28.546844444444446,338.46435546875,0.00483452050357225,0.07590197190608432,126.47807713592944
15.7,0.9,64,28,28,128,64,32,1,4,25690112,1024.0,12845056,12845056.0,25691136.0,0.8181564331210192,28.545706666666668,28.545706666666668,507.64794921875,0.0016116610623171615,0.025303078678379436,379.3996219116004
15.7,0.9,64,28,28,128,64,64,1,4,25690112,512.0,12845056,6422528.0,25690624.0,0.4090782165605096,28.54513777777778,28.54513777777778,195.83984375,0.0020888405991720447,0.0327947974070011,292.7285079437048
15.7,0.9,64,28,28,128,128,1,1,4,25690112,65536.0,25690112,822083584.0,25755648.0,52.362011719745226,28.61738666666667,52.362011719745226,277.024169921875,0.18901604049391107,2.9675518357544037,4.851209230416892
15.7,0.9,64,28,28,128,128,2,1,4,25690112,32768.0,25690112,411041792.0,25722880.0,26.181005859872613,28.58097777777778,28.58097777777778,285.9521484375,0.09155729727134729,1.4374495671601524,10.01646725377258
15.7,0.9,64,28,28,128,128,4,1,4,25690112,16384.0,25690112,205520896.0,25706496.0,13.090502929936306,28.562773333333332,28.562773333333332,258.81616210937545,0.050578382830683784,0.7940806104417354,18.13290357772188
15.7,0.9,64,28,28,128,128,8,1,4,25690112,8192.0,25690112,102760448.0,25698304.0,6.545251464968153,28.55367111111111,28.55367111111111,317.53564453125,0.020612651139151113,0.32361862288467247,44.495545691373394
15.7,0.9,64,28,28,128,128,16,1,4,25690112,4096.0,25690112,51380224.0,25694208.0,3.2726257324840766,28.54912,28.54912,373.7919921875,0.0087552055712378,0.13745672746843346,104.75896624156408
15.7,0.9,64,28,28,128,128,32,1,4,25690112,2048.0,25690112,25690112.0,25692160.0,1.6363128662420383,28.546844444444446,28.546844444444446,729.63232421875,0.002242654021659624,0.03520966814005609,408.97730226905986
15.7,0.9,64,28,28,128,128,64,1,4,25690112,1024.0,25690112,12845056.0,25691136.0,0.8181564331210192,28.545706666666668,28.545706666666668,212.89599609375,0.0038429864728913884,0.060334887624394797,238.66660914129142
15.7,0.9,64,28,28,128,128,128,1,4,25690112,512.0,25690112,6422528.0,25690624.0,0.4090782165605096,28.54513777777778,28.54513777777778,142.27203369140625,0.0028753241655898212,0.045142589399760194,318.9879581928253
15.7,0.9,64,28,28,128,256,1,1,4,25690112,131072.0,51380224,1644167168.0,51380224,104.72402343949045,57.08913777777778,104.72402343949045,470.65625,0.22250639068213893,3.493350333709581,5.494455778679882
15.7,0.9,64,28,28,128,256,2,1,4,25690112,65536.0,51380224,822083584.0,51380224,52.362011719745226,57.08913777777778,57.08913777777778,359.0087890625,0.14585161509967795,2.289870357064944,8.383053478740512
15.7,0.9,64,28,28,128,256,4,1,4,25690112,32768.0,51380224,411041792.0,51380224,26.181005859872613,57.08913777777778,57.08913777777778,318.240234375,0.08226805737272708,1.291608500751815,14.863484852978974
15.7,0.9,64,28,28,128,256,8,1,4,25690112,16384.0,51380224,205520896.0,51380224,13.090502929936306,57.08913777777778,57.08913777777778,315.904296875,0.04143819207092356,0.6505796155134999,29.510444401072803
15.7,0.9,64,28,28,128,256,16,1,4,25690112,8192.0,51380224,102760448.0,51380224,6.545251464968153,57.08913777777778,57.08913777777778,348.06396484375,0.018804737422060895,0.29523437752635606,65.03137629697112
15.7,0.9,64,28,28,128,256,32,1,4,25690112,4096.0,51380224,51380224.0,51380224,3.2726257324840766,57.08913777777778,57.08913777777778,524.95947265625,0.006234054061211374,0.09787464876101856,196.1675856778411
15.7,0.9,64,28,28,128,256,64,1,4,25690112,2048.0,51380224,25690112.0,51380224,1.6363128662420383,57.08913777777778,57.08913777777778,366.2084960937491,0.004468254788450194,0.07015160017866803,273.6912721257625
15.7,0.9,64,28,28,128,256,128,1,4,25690112,1024.0,51380224,12845056.0,51380224,0.8181564331210192,57.08913777777778,57.08913777777778,256.7039794921875,0.0031871591345778837,0.050038398412872775,383.7036258087677
15.7,0.9,64,28,28,128,512,1,1,4,25690112,262144.0,102760448,3288334336.0,102760448,209.4480468789809,114.17827555555556,209.4480468789809,888.0322265625,0.2358563581523805,3.702944822992374,6.220034073080336
15.7,0.9,64,28,28,128,512,2,1,4,25690112,131072.0,102760448,1644167168.0,102760448,104.72402343949045,114.17827555555556,114.17827555555556,658.7841796875,0.15896560158619352,2.4957599449032384,9.229616277558463
15.7,0.9,64,28,28,128,512,4,1,4,25690112,65536.0,102760448,822083584.0,102760448,52.362011719745226,114.17827555555556,114.17827555555556,590.11181640625,0.08873235590947344,1.3930979877787328,16.536637871119442
15.7,0.9,64,28,28,128,512,8,1,4,25690112,32768.0,102760448,411041792.0,102760448,26.181005859872613,114.17827555555556,114.17827555555556,558.23974609375,0.04689921497541633,0.7363176751140363,31.288801137768502
15.7,0.9,64,28,28,128,512,16,1,4,25690112,16384.0,102760448,205520896.0,102760448,13.090502929936306,114.17827555555556,114.17827555555556,560.9287109375,0.0233371953952182,0.3663939677049257,62.88109054176176
15.7,0.9,64,28,28,128,512,32,1,4,25690112,8192.0,102760448,102760448.0,102760448,6.545251464968153,114.17827555555556,114.17827555555556,633.08740234375,0.0103386221882429,0.16231636835541352,141.9429782439251
15.7,0.9,64,28,28,128,512,64,1,4,25690112,4096.0,102760448,51380224.0,102760448,3.2726257324840766,114.17827555555556,114.17827555555556,865.05615234375,0.003783136763570029,0.059395247188049456,387.90778515095616
15.7,0.9,64,28,28,128,512,128,1,4,25690112,2048.0,102760448,25690112.0,102760448,1.6363128662420383,114.17827555555556,114.17827555555556,469.5679931640625,0.0034847197638326393,0.05471010029217244,421.1267795835223
15.7,0.9,64,28,28,128,1024,1,1,4,25690112,524288.0,205520896,6576668672.0,205520896,418.8960937579618,228.35655111111112,418.8960937579618,1716.1923828125,0.24408457813539175,3.83212787672565,6.678094048754159
15.7,0.9,64,28,28,128,1024,2,1,4,25690112,262144.0,205520896,3288334336.0,205520896,209.4480468789809,228.35655111111112,228.35655111111112,1263.87255859375,0.1657192771967639,2.6017926519891934,9.83710220868355
15.7,0.9,64,28,28,128,1024,4,1,4,25690112,131072.0,205520896,1644167168.0,205520896,104.72402343949045,228.35655111111112,228.35655111111112,1115.84033203125,0.09385215826430404,1.4734788847495734,17.371581664972027
15.7,0.9,64,28,28,128,1024,8,1,4,25690112,65536.0,205520896,822083584.0,205520896,52.362011719745226,228.35655111111112,228.35655111111112,1035.13623046875,0.05058465753443261,0.7941791232905919,32.23227404196517
15.7,0.9,64,28,28,128,1024,16,1,4,25690112,32768.0,205520896,411041792.0,205520896,26.181005859872613,228.35655111111112,228.35655111111112,1006.4638671875,0.02601286217361562,0.4084019361257652,62.681078746475606
15.7,0.9,64,28,28,128,1024,32,1,4,25690112,16384.0,205520896,205520896.0,205520896,13.090502929936306,228.35655111111112,228.35655111111112,1000.60791015625,0.013082549914973346,0.20539603366508152,124.63499802094199
15.7,0.9,64,28,28,128,1024,64,1,4,25690112,8192.0,205520896,102760448.0,205520896,6.545251464968153,228.35655111111112,228.35655111111112,1485.0556640625,0.0044074115357151285,0.06919636111072751,369.9593834303945
15.7,0.9,64,28,28,128,1024,128,1,4,25690112,4096.0,205520896,51380224.0,205520896,3.2726257324840766,228.35655111111112,228.35655111111112,892.3520507812498,0.0036674154887848458,0.057578423173922075,444.60872711562246
15.7,0.9,64,28,28,128,2048,1,1,4,25690112,1048576.0,411041792,13153337344.0,411041792,837.7921875159236,456.71310222222223,837.7921875159236,3376.256347656251,0.24814235094959747,3.89583490990868,6.955255865370957
15.7,0.9,64,28,28,128,2048,2,1,4,25690112,524288.0,411041792,6576668672.0,411041792,418.8960937579618,456.71310222222223,456.71310222222223,2477.6953125,0.16906683063273617,2.654349240933958,10.209473925907641
15.7,0.9,64,28,28,128,2048,4,1,4,25690112,262144.0,411041792,3288334336.0,411041792,209.4480468789809,456.71310222222223,456.71310222222223,2205.982910156249,0.09494545307431496,1.4906436132667447,18.181611711523825
15.7,0.9,64,28,28,128,2048,8,1,4,25690112,131072.0,411041792,1644167168.0,411041792,104.72402343949045,456.71310222222223,456.71310222222223,2048.3837890625,0.05112519636147888,0.8026655828752184,33.76743162150572
15.7,0.9,64,28,28,128,2048,16,1,4,25690112,65536.0,411041792,822083584.0,411041792,52.362011719745226,456.71310222222223,456.71310222222223,1966.17578125,0.026631398992442056,0.41811296418134025,64.82668752773327
15.7,0.9,64,28,28,128,2048,32,1,4,25690112,32768.0,411041792,411041792.0,411041792,26.181005859872613,456.71310222222223,456.71310222222223,1873.40771484375,0.013975071017606127,0.21940861497641617,123.53824650167988
15.7,0.9,64,28,28,128,2048,64,1,4,25690112,16384.0,411041792,205520896.0,411041792,13.090502929936306,456.71310222222223,456.71310222222223,2963.7431640625,0.004416881694968711,0.06934504261100877,390.8818112679031
15.7,0.9,64,28,28,128,2048,128,1,4,25690112,8192.0,411041792,102760448.0,411041792,6.545251464968153,456.71310222222223,456.71310222222223,1739.072265625,0.0037636454760066424,0.05908923397330428,458.7255352519426
15.7,0.9,64,28,28,256,32,1,1,4,51380224,32768.0,6422528,411041792.0,51412992.0,26.181005859872613,57.125546666666665,57.125546666666665,225.85595703125,0.1159190406310609,1.819928937907656,3.516053929891175
15.7,0.9,64,28,28,256,32,2,1,4,51380224,16384.0,6422528,205520896.0,51396608.0,13.090502929936306,57.10734222222222,57.10734222222222,256.31982421875,0.051070973420942,0.8018142827087894,7.981331331659606
15.7,0.9,64,28,28,256,32,4,1,4,51380224,8192.0,6422528,102760448.0,51388416.0,6.545251464968153,57.09824,57.09824,244.70361328125,0.02674766987378062,0.4199384170183557,15.239762975515418
15.7,0.9,64,28,28,256,32,8,1,4,51380224,4096.0,6422528,51380224.0,51384320.0,3.2726257324840766,57.09368888888889,57.09368888888889,263.39208984375,0.012424920332366361,0.19507124921815186,32.80795832826437
15.7,0.9,64,28,28,256,32,16,1,4,51380224,2048.0,6422528,25690112.0,51382272.0,1.6363128662420383,57.091413333333335,57.091413333333335,329.8876953125,0.004960211882689265,0.07787532655822146,82.18207403862016
15.7,0.9,64,28,28,256,32,32,1,4,51380224,1024.0,6422528,12845056.0,51381248.0,0.8181564331210192,57.09027555555556,57.09027555555556,503.13623046875,0.0016261131351220297,0.025529976221415864,250.68513467144265
15.7,0.9,64,28,28,256,64,1,1,4,51380224,65536.0,12845056,822083584.0,51445760.0,52.362011719745226,57.16195555555556,57.16195555555556,222.3359375,0.2355085386038648,3.697484056080677,3.1146116879521584
15.7,0.9,64,28,28,256,64,2,1,4,51380224,32768.0,12845056,411041792.0,51412992.0,26.181005859872613,57.125546666666665,57.125546666666665,286.30419921875,0.09144471485683338,1.435682023252284,8.023040500465704
15.7,0.9,64,28,28,256,64,4,1,4,51380224,16384.0,12845056,205520896.0,51396608.0,13.090502929936306,57.10734222222222,57.10734222222222,285.69580078125,0.04581972466567463,0.7193696772510917,16.0129990373339
15.7,0.9,64,28,28,256,64,8,1,4,51380224,8192.0,12845056,102760448.0,51388416.0,6.545251464968153,57.09824,57.09824,291.2001953125,0.02247681001018612,0.35288591715992207,32.64409077313481
15.7,0.9,64,28,28,256,64,16,1,4,51380224,4096.0,12845056,51380224.0,51384320.0,3.2726257324840766,57.09368888888889,57.09368888888889,354.81591796875,0.009223446769860841,0.1448081142868152,79.55253262811779
15.7,0.9,64,28,28,256,64,32,1,4,51380224,2048.0,12845056,25690112.0,51382272.0,1.6363128662420383,57.091413333333335,57.091413333333335,513.759765625,0.003184976667550889,0.05000413368054896,230.37993316650395
15.7,0.9,64,28,28,256,64,64,1,4,51380224,1024.0,12845056,12845056.0,51381248.0,0.8181564331210192,57.09027555555556,57.09027555555556,212.384033203125,0.003852250194055458,0.06048032804667069,190.4741369208511
15.7,0.9,64,28,28,256,128,1,1,4,51380224,131072.0,25690112,1644167168.0,51511296.0,104.72402343949045,57.23477333333334,104.72402343949045,411.74365234375,0.2543427757619931,3.9931815794632914,4.806495395444688
15.7,0.9,64,28,28,256,128,2,1,4,51380224,65536.0,25690112,822083584.0,51445760.0,52.362011719745226,57.16195555555556,57.16195555555556,276.7041015625,0.1892346785756555,2.9709844536377914,6.460803684734163
15.7,0.9,64,28,28,256,128,4,1,4,51380224,32768.0,25690112,411041792.0,51412992.0,26.181005859872613,57.125546666666665,57.125546666666665,282.7197265625,0.09260410010365816,1.453884371627433,13.204301375110134
15.7,0.9,64,28,28,256,128,8,1,4,51380224,16384.0,25690112,205520896.0,51396608.0,13.090502929936306,57.10734222222222,57.10734222222222,300.7041015625,0.043532837969007566,0.6834655561134187,28.090424560365218
15.7,0.9,64,28,28,256,128,16,1,4,51380224,8192.0,25690112,102760448.0,51388416.0,6.545251464968153,57.09824,57.09824,369.9833984375,0.017690662588131827,0.2777434026336697,69.12685401423448
15.7,0.9,64,28,28,256,128,32,1,4,51380224,4096.0,25690112,51380224.0,51384320.0,3.2726257324840766,57.09368888888889,57.09368888888889,555.8720703125,0.005887372126187727,0.0924317423811473,207.71914829851005
15.7,0.9,64,28,28,256,128,64,1,4,51380224,2048.0,25690112,25690112.0,51382272.0,1.6363128662420383,57.091413333333335,57.091413333333335,266.97607421875,0.006129061830841463,0.09622627074421097,199.5280104007851
15.7,0.9,64,28,28,256,128,128,1,4,51380224,1024.0,25690112,12845056.0,51381248.0,0.8181564331210192,57.09027555555556,57.09027555555556,228.543701171875,0.0035798686593673796,0.05620393795206786,341.61137305798167
15.7,0.9,64,28,28,256,256,1,1,4,51380224,262144.0,51380224,3288334336.0,51642368.0,209.4480468789809,57.38040888888889,209.4480468789809,729.31201171875,0.28718579087348406,4.508816916713699,6.384933885719096
15.7,0.9,64,28,28,256,256,2,1,4,51380224,131072.0,51380224,1644167168.0,51511296.0,104.72402343949045,57.23477333333334,104.72402343949045,482.9443359375,0.21684491492419794,3.4044651643099075,8.45692752027998
15.7,0.9,64,28,28,256,256,4,1,4,51380224,65536.0,51380224,822083584.0,51445760.0,52.362011719745226,57.16195555555556,57.16195555555556,366.14404296875,0.14300932303905944,2.2452463717132334,12.824549097795874
15.7,0.9,64,28,28,256,256,8,1,4,51380224,32768.0,51380224,411041792.0,51412992.0,26.181005859872613,57.125546666666665,57.125546666666665,351.16796875,0.07455408291668861,1.170499101792011,24.602337574472234
15.7,0.9,64,28,28,256,256,16,1,4,51380224,16384.0,51380224,205520896.0,51396608.0,13.090502929936306,57.10734222222222,57.10734222222222,377.9521484375,0.03463534467009655,0.5437749113205158,52.96053977401889
15.7,0.9,64,28,28,256,256,32,1,4,51380224,8192.0,51380224,102760448.0,51388416.0,6.545251464968153,57.09824,57.09824,511.68017578125,0.01279168467876374,0.20082944945659073,143.40271189261455
15.7,0.9,64,28,28,256,256,64,1,4,51380224,4096.0,51380224,51380224.0,51384320.0,3.2726257324840766,57.09368888888889,57.09368888888889,463.2001953125,0.007065251192901993,0.11092444372856128,259.6336394524088
15.7,0.9,64,28,28,256,256,128,1,4,51380224,2048.0,51380224,25690112.0,51382272.0,1.6363128662420383,57.091413333333335,57.091413333333335,381.6318359375,0.00428767391017666,0.06731648038977356,427.82730332199407
15.7,0.9,64,28,28,256,256,256,1,4,51380224,1024.0,51380224,12845056.0,51381248.0,0.8181564331210192,57.09027555555556,57.09027555555556,224.9599609375,0.0036368980049224196,0.05709929867728199,504.38192772378716
15.7,0.9,64,28,28,256,512,1,1,4,51380224,524288.0,102760448,6576668672.0,102760448,418.8960937579618,114.17827555555556,418.8960937579618,1398.400390625,0.29955375911382626,4.702994018087072,8.161610087975353
15.7,0.9,64,28,28,256,512,2,1,4,51380224,262144.0,102760448,3288334336.0,102760448,209.4480468789809,114.17827555555556,209.4480468789809,895.07177734375,0.23400139763153646,3.673821942815122,10.44892882793939
15.7,0.9,64,28,28,256,512,4,1,4,51380224,131072.0,102760448,1644167168.0,102760448,104.72402343949045,114.17827555555556,114.17827555555556,672.7998046875,0.15565406337793505,2.4437687950335802,15.710032773666644
15.7,0.9,64,28,28,256,512,8,1,4,51380224,65536.0,102760448,822083584.0,102760448,52.362011719745226,114.17827555555556,114.17827555555556,618.81591796875,0.08461645894892686,1.3284784054981515,28.901848315381685
15.7,0.9,64,28,28,256,512,16,1,4,51380224,32768.0,102760448,411041792.0,102760448,26.181005859872613,114.17827555555556,114.17827555555556,601.91943359375,0.043495864062004695,0.6828850657734736,56.22860886288339
15.7,0.9,64,28,28,256,512,32,1,4,51380224,16384.0,102760448,205520896.0,102760448,13.090502929936306,114.17827555555556,114.17827555555556,666.783203125,0.019632322572892207,0.3082274643944076,124.57991594846557
15.7,0.9,64,28,28,256,512,64,1,4,51380224,8192.0,102760448,102760448.0,102760448,6.545251464968153,114.17827555555556,114.17827555555556,871.0400390625,0.007514294603509621,0.11797442527510105,325.49087344059325
15.7,0.9,64,28,28,256,512,128,1,4,51380224,4096.0,102760448,51380224.0,102760448,3.2726257324840766,114.17827555555556,114.17827555555556,709.6640625,0.0046115139619093744,0.07240076920197717,530.3777040235038
15.7,0.9,64,28,28,256,512,256,1,4,51380224,2048.0,102760448,25690112.0,102760448,1.6363128662420383,114.17827555555556,114.17827555555556,476.8961181640625,0.003431172542442695,0.05386940891635031,712.8315966924032
15.7,0.9,64,28,28,256,1024,1,1,4,51380224,1048576.0,205520896,13153337344.0,205520896,837.7921875159236,228.35655111111112,837.7921875159236,2756.1279296875,0.30397434694220293,4.772397246992586,9.65144317283922
15.7,0.9,64,28,28,256,1024,2,1,4,51380224,524288.0,205520896,6576668672.0,205520896,418.8960937579618,228.35655111111112,418.8960937579618,1713.56787109375,0.2444584196659718,3.837997188755757,12.00218041855462
15.7,0.9,64,28,28,256,1024,4,1,4,51380224,262144.0,205520896,3288334336.0,205520896,209.4480468789809,228.35655111111112,228.35655111111112,1271.77587890625,0.16468943180390397,2.5856240793212923,17.817534575413685
15.7,0.9,64,28,28,256,1024,8,1,4,51380224,131072.0,205520896,1644167168.0,205520896,104.72402343949045,228.35655111111112,228.35655111111112,1142.94384765625,0.09162656910419548,1.4385371349358689,32.02845953775911
15.7,0.9,64,28,28,256,1024,16,1,4,51380224,65536.0,205520896,822083584.0,205520896,52.362011719745226,228.35655111111112,228.35655111111112,1059.4560546875,0.04942348622019067,0.7759487336569935,59.38128495313683
15.7,0.9,64,28,28,256,1024,32,1,4,51380224,32768.0,205520896,411041792.0,205520896,26.181005859872613,228.35655111111112,228.35655111111112,1040.86376953125,0.025153153204345996,0.3949045053082321,116.68235617851724
15.7,0.9,64,28,28,256,1024,64,1,4,51380224,16384.0,205520896,205520896.0,205520896,13.090502929936306,228.35655111111112,228.35655111111112,1514.20849609375,0.008645112587669583,0.13572826762641244,339.49778342344325
15.7,0.9,64,28,28,256,1024,128,1,4,51380224,8192.0,205520896,102760448.0,205520896,6.545251464968153,228.35655111111112,228.35655111111112,1679.83984375,0.003896354458623165,0.06117276500038369,753.2723151382135
15.7,0.9,64,28,28,256,1024,256,1,4,51380224,4096.0,205520896,51380224.0,205520896,3.2726257324840766,228.35655111111112,228.35655111111112,900.6400146484375,0.003633666813884055,0.05704856897797966,807.728712116942
15.7,0.9,64,28,28,256,2048,1,1,4,51380224,2097152.0,411041792,26306674688.0,411041792,1675.5843750318472,456.71310222222223,1675.5843750318472,5447.3916015625,0.30759389035868684,4.829224078631383,10.597582121622537
15.7,0.9,64,28,28,256,2048,2,1,4,51380224,1048576.0,411041792,13153337344.0,411041792,837.7921875159236,456.71310222222223,837.7921875159236,3394.624023437499,0.24679969909231653,3.8747552757493695,13.209202587334204
15.7,0.9,64,28,28,256,2048,4,1,4,51380224,524288.0,411041792,6576668672.0,411041792,418.8960937579618,456.71310222222223,456.71310222222223,2469.855957031251,0.1696034509888876,2.662774180525535,19.22353172153573
15.7,0.9,64,28,28,256,2048,8,1,4,51380224,262144.0,411041792,3288334336.0,411041792,209.4480468789809,456.71310222222223,456.71310222222223,2240.095703125,0.09349959762290275,1.467943682679573,34.87418711158424
15.7,0.9,64,28,28,256,2048,16,1,4,51380224,131072.0,411041792,1644167168.0,411041792,104.72402343949045,456.71310222222223,456.71310222222223,2077.343750000001,0.050412467093850215,0.7914757333734483,64.68475075373578
15.7,0.9,64,28,28,256,2048,32,1,4,51380224,65536.0,411041792,822083584.0,411041792,52.362011719745226,456.71310222222223,456.71310222222223,1975.583984375,0.02650457390517396,0.41612181031123113,123.03635992538902
15.7,0.9,64,28,28,256,2048,64,1,4,51380224,32768.0,411041792,411041792.0,411041792,26.181005859872613,456.71310222222223,456.71310222222223,2956.03125,0.008856809568529633,0.13905191022591523,368.2032795947155
15.7,0.9,64,28,28,256,2048,128,1,4,51380224,16384.0,411041792,205520896.0,411041792,13.090502929936306,456.71310222222223,456.71310222222223,2928.127929687499,0.004470604852067845,0.07018849617746516,729.459733050426
15.7,0.9,64,28,28,256,2048,256,1,4,51380224,8192.0,411041792,102760448.0,411041792,6.545251464968153,456.71310222222223,456.71310222222223,1753.98388671875,0.0037316485713062195,0.05858688256950764,873.911224737189
15.7,0.9,64,28,28,512,32,1,1,4,102760448,65536.0,6422528,822083584.0,102825984.0,52.362011719745226,114.25109333333333,114.25109333333333,245.69580078125,0.21311724316511466,3.3459407176923,2.02468088709292
15.7,0.9,64,28,28,512,32,2,1,4,102760448,32768.0,6422528,411041792.0,102793216.0,26.181005859872613,114.21468444444444,114.21468444444444,297.47216796875,0.08801161479625541,1.3817823523012098,4.90355168871519
15.7,0.9,64,28,28,512,32,4,1,4,102760448,16384.0,6422528,205520896.0,102776832.0,13.090502929936306,114.19648,114.19648,376.70361328125,0.03475013901754861,0.5455771825755131,12.420136558766266
15.7,0.9,64,28,28,512,32,8,1,4,102760448,8192.0,6422528,102760448.0,102768640.0,6.545251464968153,114.18737777777778,114.18737777777778,336.767578125,0.019435515441865708,0.3051375924372916,22.207317617904092
15.7,0.9,64,28,28,512,32,16,1,4,102760448,4096.0,6422528,51380224.0,102764544.0,3.2726257324840766,114.18282666666667,114.18282666666667,375.83984375,0.008707500779669735,0.13670776224081482,49.56842552084311
15.7,0.9,64,28,28,512,32,32,1,4,102760448,2048.0,6422528,25690112.0,102762496.0,1.6363128662420383,114.18055111111111,114.18055111111111,505.66381835937455,0.003235969841684645,0.05080472651444893,133.38207993845108
15.7,0.9,64,28,28,512,64,1,1,4,102760448,131072.0,12845056,1644167168.0,102891520.0,104.72402343949045,114.32391111111112,114.32391111111112,451.231689453125,0.2320848155997462,3.6437316049160153,3.511748441560468
15.7,0.9,64,28,28,512,64,2,1,4,102760448,65536.0,12845056,822083584.0,102825984.0,52.362011719745226,114.25109333333333,114.25109333333333,293.1201171875,0.17863670437280443,2.8045962586530293,4.562802986763502
15.7,0.9,64,28,28,512,64,4,1,4,102760448,32768.0,12845056,411041792.0,102793216.0,26.181005859872613,114.21468444444444,114.21468444444444,281.11962890625,0.09313119102260789,1.4621596990549437,8.753039925006513
15.7,0.9,64,28,28,512,64,8,1,4,102760448,16384.0,12845056,205520896.0,102776832.0,13.090502929936306,114.19648,114.19648,337.6962890625,0.038764130237491444,0.6085968447286156,21.030851690677288
15.7,0.9,64,28,28,512,64,16,1,4,102760448,8192.0,12845056,102760448.0,102768640.0,6.545251464968153,114.18737777777778,114.18737777777778,407.90356445312545,0.01604607567904768,0.25192338816104853,50.807963746475316
15.7,0.9,64,28,28,512,64,32,1,4,102760448,4096.0,12845056,51380224.0,102764544.0,3.2726257324840766,114.18282666666667,114.18282666666667,617.7919921875,0.005297293868922202,0.08316751374207858,153.90511426687777
15.7,0.9,64,28,28,512,64,64,1,4,102760448,2048.0,12845056,25690112.0,102762496.0,1.6363128662420383,114.18055111111111,114.18055111111111,781.7919921875,0.0020930284303162772,0.03286054635596555,389.52373476958326
15.7,0.9,64,28,28,512,128,1,1,4,102760448,262144.0,25690112,3288334336.0,103022592.0,209.4480468789809,114.46954666666667,209.4480468789809,700.095703125,0.2991705933118469,4.696978314995996,4.903240506016479
15.7,0.9,64,28,28,512,128,2,1,4,102760448,131072.0,25690112,1644167168.0,102891520.0,104.72402343949045,114.32391111111112,114.32391111111112,396.51220703125045,0.2641129871475478,4.1465738982164995,5.554353586751594
15.7,0.9,64,28,28,512,128,4,1,4,102760448,65536.0,25690112,822083584.0,102825984.0,52.362011719745226,114.25109333333333,114.25109333333333,319.80810546875,0.163729470342839,2.570552684382572,8.961012203352793
15.7,0.9,64,28,28,512,128,8,1,4,102760448,32768.0,25690112,411041792.0,102793216.0,26.181005859872613,114.21468444444444,114.21468444444444,361.728515625,0.07237750060881065,1.1363267595583273,20.273817167476736
15.7,0.9,64,28,28,512,128,16,1,4,102760448,16384.0,25690112,205520896.0,102776832.0,13.090502929936306,114.19648,114.19648,405.503662109375,0.032282083130498226,0.5068287051488222,45.45710497778288
15.7,0.9,64,28,28,512,128,32,1,4,102760448,8192.0,25690112,102760448.0,102768640.0,6.545251464968153,114.18737777777778,114.18737777777778,500.7685546875,0.01307041227669069,0.20520547274404383,112.27566645875267
15.7,0.9,64,28,28,512,128,64,1,4,102760448,4096.0,25690112,51380224.0,102764544.0,3.2726257324840766,114.18282666666667,114.18282666666667,864.57568359375,0.003785239157873228,0.05942825477860968,387.6923326064129
15.7,0.9,64,28,28,512,128,128,1,4,102760448,2048.0,25690112,25690112.0,102762496.0,1.6363128662420383,114.18055111111111,114.18055111111111,309.60009765625,0.005285246608865227,0.08297837175918406,277.6606743170291
15.7,0.9,64,28,28,512,256,1,1,4,102760448,524288.0,51380224,6576668672.0,103284736.0,418.8960937579618,114.76081777777777,418.8960937579618,1255.42431640625,0.33366893430667693,5.2386022686148275,7.326798190977296
15.7,0.9,64,28,28,512,256,2,1,4,102760448,262144.0,51380224,3288334336.0,103022592.0,209.4480468789809,114.46954666666667,209.4480468789809,736.736328125,0.28429173217510245,4.463380195149108,8.599943710022231
15.7,0.9,64,28,28,512,256,4,1,4,102760448,131072.0,51380224,1644167168.0,102891520.0,104.72402343949045,114.32391111111112,114.32391111111112,488.0,0.21459840868748042,3.3691950163934425,11.393979857568025
15.7,0.9,64,28,28,512,256,8,1,4,102760448,65536.0,51380224,822083584.0,102825984.0,52.362011719745226,114.25109333333333,114.25109333333333,437.34375,0.11972735798727026,1.879719520400143,20.425178320229456
15.7,0.9,64,28,28,512,256,16,1,4,102760448,32768.0,51380224,411041792.0,102793216.0,26.181005859872613,114.21468444444444,114.21468444444444,433.98388671875,0.06032713808298514,0.9471360679028666,40.53987568414131
15.7,0.9,64,28,28,512,256,32,1,4,102760448,16384.0,51380224,205520896.0,102776832.0,13.090502929936306,114.19648,114.19648,640.80029296875,0.02042836601913772,0.3207253465004622,119.72520886310913
15.7,0.9,64,28,28,512,256,64,1,4,102760448,8192.0,51380224,102760448.0,102768640.0,6.545251464968153,114.18737777777778,114.18737777777778,801.9521484375,0.008161648394758626,0.1281378797977104,299.67379058785997
15.7,0.9,64,28,28,512,256,128,1,4,102760448,4096.0,51380224,51380224.0,102764544.0,3.2726257324840766,114.18282666666667,114.18282666666667,495.8076171875,0.00660059591469823,0.1036293558607622,370.54797070042616
15.7,0.9,64,28,28,512,256,256,1,4,102760448,2048.0,51380224,25690112.0,102762496.0,1.6363128662420383,114.18055111111111,114.18055111111111,420.2880859375,0.0038933125182267726,0.06112500653616033,628.2173903588535
15.7,0.9,64,28,28,512,512,1,1,4,102760448,1048576.0,102760448,13153337344.0,103809024.0,837.7921875159236,115.34336,837.7921875159236,2441.34326171875,0.3431685337546932,5.387745979948683,10.685825151068215
15.7,0.9,64,28,28,512,512,2,1,4,102760448,524288.0,102760448,6576668672.0,103284736.0,418.8960937579618,114.76081777777777,418.8960937579618,1406.72021484375,0.2977820957840506,4.675178903809595,12.31528209529969
15.7,0.9,64,28,28,512,512,4,1,4,102760448,262144.0,102760448,3288334336.0,103022592.0,209.4480468789809,114.46954666666667,209.4480468789809,913.2802734375,0.22933600228836476,3.6005752359273266,15.992341763510998
15.7,0.9,64,28,28,512,512,8,1,4,102760448,131072.0,102760448,1644167168.0,102891520.0,104.72402343949045,114.32391111111112,114.32391111111112,693.43994140625,0.15102104333234267,2.3710303803177797,24.288133709406367
15.7,0.9,64,28,28,512,512,16,1,4,102760448,65536.0,102760448,822083584.0,102825984.0,52.362011719745226,114.25109333333333,114.25109333333333,669.4716796875,0.07821393093758212,1.2279587157200393,46.90201239439905
15.7,0.9,64,28,28,512,512,32,1,4,102760448,32768.0,102760448,411041792.0,102793216.0,26.181005859872613,114.21468444444444,114.21468444444444,724.4482421875,0.03613923581458081,0.5673860022889187,101.5130879878998
15.7,0.9,64,28,28,512,512,64,1,4,102760448,16384.0,102760448,205520896.0,102776832.0,13.090502929936306,114.19648,114.19648,913.7919921875,0.014325473457695042,0.22490993328581213,256.0974149022784
15.7,0.9,64,28,28,512,512,128,1,4,102760448,8192.0,102760448,102760448.0,102768640.0,6.545251464968153,114.18737777777778,114.18737777777778,891.04052734375,0.007345627122573173,0.11532634582439881,499.44712275874866
15.7,0.9,64,28,28,512,512,256,1,4,102760448,4096.0,102760448,51380224.0,102764544.0,3.2726257324840766,114.18282666666667,114.18282666666667,719.1357421875,0.0045507760781424295,0.07144718442683613,806.1848193966614
15.7,0.9,64,28,28,512,512,512,1,4,102760448,2048.0,102760448,25690112.0,102762496.0,1.6363128662420383,114.18055111111111,114.18055111111111,409.407958984375,0.003996778348670276,0.06274942007412333,917.9316682426296
15.7,0.9,64,28,28,512,1024,1,1,4,102760448,2097152.0,205520896,26306674688.0,205520896,1675.5843750318472,228.35655111111112,1675.5843750318472,4817.6005859375,0.347804751585852,5.460534599897876,14.05775425496961
15.7,0.9,64,28,28,512,1024,2,1,4,102760448,1048576.0,205520896,13153337344.0,205520896,837.7921875159236,228.35655111111112,837.7921875159236,2740.384765625,0.3057206411395475,4.799814065890896,15.993817083284158
15.7,0.9,64,28,28,512,1024,4,1,4,102760448,524288.0,205520896,6576668672.0,205520896,418.8960937579618,228.35655111111112,418.8960937579618,1735.647949218751,0.24134853726904418,3.7891720351239933,20.261477338010774
15.7,0.9,64,28,28,512,1024,8,1,4,102760448,262144.0,205520896,3288334336.0,205520896,209.4480468789809,228.35655111111112,228.35655111111112,1287.0078125,0.1627403072807539,2.555022824307836,30.051637175942766
15.7,0.9,64,28,28,512,1024,16,1,4,102760448,131072.0,205520896,1644167168.0,205520896,104.72402343949045,228.35655111111112,228.35655111111112,1165.087890625,0.08988508444913308,1.4111958258513893,54.41512695948284
15.7,0.9,64,28,28,512,1024,32,1,4,102760448,65536.0,205520896,822083584.0,205520896,52.362011719745226,228.35655111111112,228.35655111111112,1107.0400390625,0.04729911283433628,0.7425960714990796,103.41415915521632
15.7,0.9,64,28,28,512,1024,64,1,4,102760448,32768.0,205520896,411041792.0,205520896,26.181005859872613,228.35655111111112,228.35655111111112,1566.9755859375,0.01670798581345406,0.2623153772712287,292.77054338390326
15.7,0.9,64,28,28,512,1024,128,1,4,102760448,16384.0,205520896,205520896.0,205520896,13.090502929936306,228.35655111111112,228.35655111111112,1673.15185546875,0.007823858239256395,0.1228345743563254,625.2243294942947
15.7,0.9,64,28,28,512,1024,256,1,4,102760448,8192.0,205520896,102760448.0,205520896,6.545251464968153,228.35655111111112,228.35655111111112,1360.41650390625,0.004811211453385311,0.07553601981814938,1016.7266733727489
15.7,0.9,64,28,28,512,1024,512,1,4,102760448,4096.0,205520896,51380224.0,205520896,3.2726257324840766,228.35655111111112,228.35655111111112,917.1198730468748,0.003568372934294501,0.05602345506842366,1370.8475993539196
15.7,0.9,64,28,28,512,2048,1,1,4,102760448,4194304.0,411041792,52613349376.0,411041792,3351.1687500636945,456.71310222222223,3351.1687500636945,9506.559570312502,0.35251120295178817,5.534425886343074,16.64397046864033
15.7,0.9,64,28,28,512,2048,2,1,4,102760448,2097152.0,411041792,26306674688.0,411041792,1675.5843750318472,456.71310222222223,1675.5843750318472,5411.4892578125,0.3096346116945214,4.861263403603986,18.949871374757922
15.7,0.9,64,28,28,512,2048,4,1,4,102760448,1048576.0,411041792,13153337344.0,411041792,837.7921875159236,456.71310222222223,837.7921875159236,3413.472167968751,0.24543694698248184,3.8533600676249646,23.90862581815039
15.7,0.9,64,28,28,512,2048,8,1,4,102760448,524288.0,411041792,6576668672.0,411041792,418.8960937579618,456.71310222222223,456.71310222222223,2516.9287109375,0.16643144954309505,2.6129737578265924,35.261995772439604
15.7,0.9,64,28,28,512,2048,16,1,4,102760448,262144.0,411041792,3288334336.0,411041792,209.4480468789809,456.71310222222223,456.71310222222223,2250.75244140625,0.09305690089493789,1.4609933440505247,63.07220624855587
15.7,0.9,64,28,28,512,2048,32,1,4,102760448,131072.0,411041792,1644167168.0,411041792,104.72402343949045,456.71310222222223,456.71310222222223,2072.640136718749,0.050526872265091706,0.7932718945619397,116.16890115835226
15.7,0.9,64,28,28,512,2048,64,1,4,102760448,65536.0,411041792,822083584.0,411041792,52.362011719745226,456.71310222222223,456.71310222222223,2984.063476562501,0.017547217789101382,0.2754913192888917,334.52143366677427
15.7,0.9,64,28,28,512,2048,128,1,4,102760448,32768.0,411041792,411041792.0,411041792,26.181005859872613,456.71310222222223,456.71310222222223,2960.16015625,0.008844455866549911,0.1388579571048336,663.6916485533421
15.7,0.9,64,28,28,512,2048,256,1,4,102760448,16384.0,411041792,205520896.0,411041792,13.090502929936306,456.71310222222223,456.71310222222223,3067.96875,0.004266830595955812,0.06698924035650625,1375.7351577447384
15.7,0.9,64,28,28,512,2048,512,1,4,102760448,8192.0,411041792,102760448.0,411041792,6.545251464968153,456.71310222222223,456.71310222222223,1770.399902343749,0.003697046896750956,0.05804363627899001,1587.7627950707251
15.7,0.9,64,28,28,1024,32,1,1,4,205520896,131072.0,6422528,1644167168.0,205651968.0,104.72402343949045,228.50218666666666,228.50218666666666,488.6396484375,0.21431749096570762,3.3647846081616097,2.0743489148960332
15.7,0.9,64,28,28,1024,32,2,1,4,205520896,65536.0,6422528,822083584.0,205586432.0,52.362011719745226,228.4293688888889,228.4293688888889,491.52001953125,0.10653078132947978,1.6725332668728325,4.173778768225667
15.7,0.9,64,28,28,1024,32,4,1,4,205520896,32768.0,6422528,411041792.0,205553664.0,26.181005859872613,228.39296,228.39296,474.2080078125,0.05520996151170961,0.8667963957338408,8.054119934030131
15.7,0.9,64,28,28,1024,32,8,1,4,205520896,16384.0,6422528,205520896.0,205537280.0,13.090502929936306,228.37475555555557,228.37475555555557,472.6083984375,0.027698413682903388,0.4348650948215832,16.054517439286062
15.7,0.9,64,28,28,1024,32,16,1,4,205520896,8192.0,6422528,102760448.0,205529088.0,6.545251464968153,228.36565333333334,228.36565333333334,491.2001953125,0.013325018042397326,0.20920278326563801,33.3728294419741
15.7,0.9,64,28,28,1024,32,32,1,4,205520896,4096.0,6422528,51380224.0,205524992.0,3.2726257324840766,228.36110222222223,228.36110222222223,667.0400390625,0.004906190844381142,0.07702719625678392,90.64033075638147
15.7,0.9,64,28,28,1024,64,1,1,4,205520896,262144.0,12845056,3288334336.0,205783040.0,209.4480468789809,228.64782222222223,228.64782222222223,806.81591796875,0.25959830763662917,4.075693429895078,3.324108797748263
15.7,0.9,64,28,28,1024,64,2,1,4,205520896,131072.0,12845056,1644167168.0,205651968.0,104.72402343949045,228.50218666666666,228.50218666666666,533.087890625,0.19644795029335685,3.0842328196057025,4.393066090839107
15.7,0.9,64,28,28,1024,64,4,1,4,205520896,65536.0,12845056,822083584.0,205586432.0,52.362011719745226,228.4293688888889,228.4293688888889,459.2001953125,0.11402872266661657,1.79025094586588,7.569213716637475
15.7,0.9,64,28,28,1024,64,8,1,4,205520896,32768.0,12845056,411041792.0,205553664.0,26.181005859872613,228.39296,228.39296,450.68798828125,0.058091199545203906,0.9120318328597012,14.858961948541317
15.7,0.9,64,28,28,1024,64,16,1,4,205520896,16384.0,12845056,205520896.0,205537280.0,13.090502929936306,228.37475555555557,228.37475555555557,466.751953125,0.02804595212144846,0.4403214483067408,30.778452040911585
15.7,0.9,64,28,28,1024,64,32,1,4,205520896,8192.0,12845056,102760448.0,205529088.0,6.545251464968153,228.36565333333334,228.36565333333334,598.4638671875,0.010936752950061582,0.17170702131596682,78.92941675724245
15.7,0.9,64,28,28,1024,64,64,1,4,205520896,4096.0,12845056,51380224.0,205524992.0,3.2726257324840766,228.36110222222223,228.36110222222223,900.35205078125,0.003634828986777302,0.05706681509240364,237.49130991355278
15.7,0.9,64,28,28,1024,128,1,1,4,205520896,524288.0,25690112,6576668672.0,206045184.0,418.8960937579618,228.93909333333335,418.8960937579618,1355.423828125,0.3090517409137139,4.852112332345308,5.273785049682843
15.7,0.9,64,28,28,1024,128,2,1,4,205520896,262144.0,25690112,3288334336.0,205783040.0,209.4480468789809,228.64782222222223,228.64782222222223,762.3681640625,0.2747334644233781,4.313315391447036,5.932842121913589
15.7,0.9,64,28,28,1024,128,4,1,4,205520896,131072.0,25690112,1644167168.0,205651968.0,104.72402343949045,228.50218666666666,228.50218666666666,499.10400390625,0.209824049937218,3.2942375840143225,7.7688780547269625
15.7,0.9,64,28,28,1024,128,8,1,4,205520896,65536.0,25690112,822083584.0,205586432.0,52.362011719745226,228.4293688888889,228.4293688888889,513.248046875,0.10202086893181658,1.6017276422295204,15.980474638560459
15.7,0.9,64,28,28,1024,128,16,1,4,205520896,32768.0,25690112,411041792.0,205553664.0,26.181005859872613,228.39296,228.39296,564.3837890625,0.046388656738993124,0.728301910802192,35.14799033487194
15.7,0.9,64,28,28,1024,128,32,1,4,205520896,16384.0,25690112,205520896.0,205537280.0,13.090502929936306,228.37475555555557,228.37475555555557,612.1279296875,0.021385240396756922,0.33574827422908365,76.2453320864377
15.7,0.9,64,28,28,1024,128,64,1,4,205520896,8192.0,25690112,102760448.0,205529088.0,6.545251464968153,228.36565333333334,228.36565333333334,819.16796875,0.007990121336111084,0.12544490497694402,204.07138535549313
15.7,0.9,64,28,28,1024,128,128,1,4,205520896,4096.0,25690112,51380224.0,205524992.0,3.2726257324840766,228.36110222222223,228.36110222222223,1583.51953125,0.002066678476583569,0.032446852082362025,788.9802794856549
15.7,0.9,64,28,28,1024,256,1,1,4,205520896,1048576.0,51380224,13153337344.0,206569472.0,837.7921875159236,229.52163555555555,837.7921875159236,2279.679687499999,0.36750434375045243,5.7698181968821025,7.982305187108562
15.7,0.9,64,28,28,1024,256,2,1,4,205520896,524288.0,51380224,6576668672.0,206045184.0,418.8960937579618,228.93909333333335,418.8960937579618,1275.4560546875,0.3284284803215707,5.156327141048659,8.932511942483943
15.7,0.9,64,28,28,1024,256,4,1,4,205520896,262144.0,51380224,3288334336.0,205783040.0,209.4480468789809,228.64782222222223,228.64782222222223,751.744140625,0.2786161348791436,4.374273317602555,10.530239534378053
15.7,0.9,64,28,28,1024,256,8,1,4,205520896,131072.0,51380224,1644167168.0,205651968.0,104.72402343949045,228.50218666666666,228.50218666666666,603.359375,0.17356823773475047,2.725021332435582,16.905877732257455
15.7,0.9,64,28,28,1024,256,16,1,4,205520896,65536.0,51380224,822083584.0,205586432.0,52.362011719745226,228.4293688888889,228.4293688888889,660.92822265625,0.07922495957171254,1.2438318652758868,37.04272612844194
15.7,0.9,64,28,28,1024,256,32,1,4,205520896,32768.0,51380224,411041792.0,205553664.0,26.181005859872613,228.39296,228.39296,737.0556640625,0.035521070030950265,0.5576807994859191,82.62383032428976
15.7,0.9,64,28,28,1024,256,64,1,4,205520896,16384.0,51380224,205520896.0,205537280.0,13.090502929936306,228.37475555555557,228.37475555555557,916.736328125,0.014279463492747474,0.22418757683613533,205.5380837732432
15.7,0.9,64,28,28,1024,256,128,1,4,205520896,8192.0,51380224,102760448.0,205529088.0,6.545251464968153,228.36565333333334,228.36565333333334,1410.751953125,0.004639548044196973,0.07284090429389246,632.6075044904437
15.7,0.9,64,28,28,1024,256,256,1,4,205520896,4096.0,51380224,51380224.0,205524992.0,3.2726257324840766,228.36110222222223,228.36110222222223,578.751953125,0.005654625811305467,0.08877762523749583,519.0456212257855
15.7,0.9,64,28,28,1024,512,1,1,4,205520896,2097152.0,102760448,26306674688.0,207618048.0,1675.5843750318472,230.68672,1675.5843750318472,4919.423828125,0.3406058175862605,5.34751133610429,14.355018165849506
15.7,0.9,64,28,28,1024,512,2,1,4,205520896,1048576.0,102760448,13153337344.0,206569472.0,837.7921875159236,229.52163555555555,837.7921875159236,2449.216796875,0.34206534455621807,5.370425909532623,14.293739041098123
15.7,0.9,64,28,28,1024,512,4,1,4,205520896,524288.0,102760448,6576668672.0,206045184.0,418.8960937579618,228.93909333333335,418.8960937579618,1422.49658203125,0.2944795081052499,4.623328277252424,16.604606937591726
15.7,0.9,64,28,28,1024,512,8,1,4,205520896,262144.0,102760448,3288334336.0,205783040.0,209.4480468789809,228.64782222222223,228.64782222222223,929.0234375,0.22544969096000972,3.5395601480721526,21.69080850380618
15.7,0.9,64,28,28,1024,512,16,1,4,205520896,131072.0,102760448,1644167168.0,205651968.0,104.72402343949045,228.50218666666666,228.50218666666666,837.6318359375,0.12502392930455003,1.9628756900814355,39.119465125661314
15.7,0.9,64,28,28,1024,512,32,1,4,205520896,65536.0,102760448,822083584.0,205586432.0,52.362011719745226,228.4293688888889,228.4293688888889,855.263671875,0.0612232384487367,0.9612048436451661,79.89291949499221
15.7,0.9,64,28,28,1024,512,64,1,4,205520896,32768.0,102760448,411041792.0,205553664.0,26.181005859872613,228.39296,228.39296,1068.576171875,0.024500832555468227,0.38466307112085113,199.64844304039366
15.7,0.9,64,28,28,1024,512,128,1,4,205520896,16384.0,102760448,205520896.0,205537280.0,13.090502929936306,228.37475555555557,228.37475555555557,1619.5205078125,0.008082949778522879,0.1269023115228092,605.183119183495
15.7,0.9,64,28,28,1024,512,256,1,4,205520896,8192.0,102760448,102760448.0,205529088.0,6.545251464968153,228.36565333333334,228.36565333333334,952.416015625,0.006872261026262762,0.10789449811232536,711.7996502830867
15.7,0.9,64,28,28,1024,512,512,1,4,205520896,4096.0,102760448,51380224.0,205524992.0,3.2726257324840766,228.36110222222223,228.36110222222223,800.767578125,0.004086860934288749,0.06416371666833336,1196.9313421963027
15.7,0.9,64,28,28,1024,1024,1,1,4,205520896,4194304.0,205520896,52613349376.0,209715200.0,3351.1687500636945,233.0168888888889,3351.1687500636945,8880.704101562502,0.37735394758553864,5.924456977092956,19.43461599984036
15.7,0.9,64,28,28,1024,1024,2,1,4,205520896,2097152.0,205520896,26306674688.0,207618048.0,1675.5843750318472,230.68672,1675.5843750318472,4823.4873046875,0.3473802809439349,5.4538704108197775,21.112410011188107
15.7,0.9,64,28,28,1024,1024,4,1,4,205520896,1048576.0,205520896,13153337344.0,206569472.0,837.7921875159236,229.52163555555555,837.7921875159236,2757.8876953125,0.3037803855972432,4.769352053876718,24.144020370378787
15.7,0.9,64,28,28,1024,1024,8,1,4,205520896,524288.0,205520896,6576668672.0,206045184.0,418.8960937579618,228.93909333333335,418.8960937579618,1766.3359375,0.23715539318689868,3.7233396730343093,30.92976114214683
15.7,0.9,64,28,28,1024,1024,16,1,4,205520896,262144.0,205520896,3288334336.0,205783040.0,209.4480468789809,228.64782222222223,228.64782222222223,1306.84765625,0.16026967326856764,2.516233870316512,45.772503702007995
15.7,0.9,64,28,28,1024,1024,32,1,4,205520896,131072.0,205520896,1644167168.0,205651968.0,104.72402343949045,228.50218666666666,228.50218666666666,1271.26416015625,0.08237786191236518,1.2933324320241333,89.0620229402367
15.7,0.9,64,28,28,1024,1024,64,1,4,205520896,65536.0,205520896,822083584.0,205586432.0,52.362011719745226,228.4293688888889,228.4293688888889,1633.34423828125,0.0320581604860254,0.5033131196305988,228.87315998515305
15.7,0.9,64,28,28,1024,1024,128,1,4,205520896,32768.0,205520896,411041792.0,205553664.0,26.181005859872613,228.39296,228.39296,1725.50390625,0.01517296238220128,0.23821550940056008,483.5855126283607
15.7,0.9,64,28,28,1024,1024,256,1,4,205520896,16384.0,205520896,205520896.0,205537280.0,13.090502929936306,228.37475555555557,228.37475555555557,1747.2001953125,0.007492274191049395,0.1176287047994755,979.3425839677149
15.7,0.9,64,28,28,1024,1024,512,1,4,205520896,8192.0,205520896,102760448.0,205529088.0,6.545251464968153,228.36565333333334,228.36565333333334,1420.831542968751,0.004606634401775881,0.07232416010788133,1592.818524633136
15.7,0.9,64,28,28,1024,1024,1024,1,4,205520896,4096.0,205520896,51380224.0,205524992.0,3.2726257324840766,228.36110222222223,228.36110222222223,784.4798583984373,0.004171714158685143,0.06549591229135675,1758.8781901670955
15.7,0.9,64,28,28,1024,2048,1,1,4,205520896,8388608.0,411041792,105226698752.0,411041792,6702.337500127389,456.71310222222223,6702.337500127389,17632.867187499996,0.3801048025178061,5.967645399529555,25.725189294539337
15.7,0.9,64,28,28,1024,2048,2,1,4,205520896,4194304.0,411041792,52613349376.0,411041792,3351.1687500636945,456.71310222222223,3351.1687500636945,9535.615234375,0.3514370774927081,5.517562116635517,27.82477621136068
15.7,0.9,64,28,28,1024,2048,4,1,4,205520896,2097152.0,411041792,26306674688.0,411041792,1675.5843750318472,456.71310222222223,1675.5843750318472,5402.400390625,0.31015553344390306,4.869441875069278,31.53005067710163
15.7,0.9,64,28,28,1024,2048,8,1,4,205520896,1048576.0,411041792,13153337344.0,411041792,837.7921875159236,456.71310222222223,837.7921875159236,3441.0244140625,0.243471735943547,3.822506254313688,40.169455037230534
15.7,0.9,64,28,28,1024,2048,16,1,4,205520896,524288.0,411041792,6576668672.0,411041792,418.8960937579618,456.71310222222223,456.71310222222223,2515.488769531249,0.1665267199089986,2.6144695025712776,58.73636270583079
15.7,0.9,64,28,28,1024,2048,32,1,4,205520896,262144.0,411041792,3288334336.0,411041792,209.4480468789809,456.71310222222223,456.71310222222223,2294.17626953125,0.09129553367831482,1.4333398787495426,107.14869589140628
15.7,0.9,64,28,28,1024,2048,64,1,4,205520896,131072.0,411041792,1644167168.0,411041792,104.72402343949045,456.71310222222223,456.71310222222223,2981.1845703125,0.035128325995767797,0.5515147181335543,278.4921079136077
15.7,0.9,64,28,28,1024,2048,128,1,4,205520896,65536.0,411041792,822083584.0,411041792,52.362011719745226,456.71310222222223,456.71310222222223,3067.16796875,0.017071778348378145,0.2680269200695369,573.0631584894089
15.7,0.9,64,28,28,1024,2048,256,1,4,205520896,32768.0,411041792,411041792.0,411041792,26.181005859872613,456.71310222222223,456.71310222222223,3225.0556640625,0.00811800123378126,0.12745261937036578,1205.14012744151
15.7,0.9,64,28,28,1024,2048,512,1,4,205520896,16384.0,411041792,205520896.0,411041792,13.090502929936306,456.71310222222223,456.71310222222223,2725.471679687499,0.004803022914344594,0.07540745975521011,2036.920147513045
15.7,0.9,64,28,28,1024,2048,1024,1,4,205520896,8192.0,411041792,102760448.0,411041792,6.545251464968153,456.71310222222223,456.71310222222223,1798.912109375,0.003638449833573128,0.0571236623870981,2688.889619269339
15.7,0.9,64,28,28,2048,32,1,1,4,411041792,262144.0,6422528,3288334336.0,411303936.0,209.4480468789809,457.0043733333333,457.0043733333333,933.02392578125,0.22448303960008692,3.5243837217213643,2.010853021410608
15.7,0.9,64,28,28,2048,32,2,1,4,411041792,131072.0,6422528,1644167168.0,411172864.0,104.72402343949045,456.8587377777778,456.8587377777778,921.8876953125,0.1135973763094769,1.7834788080587873,3.9743173921126966
15.7,0.9,64,28,28,2048,32,4,1,4,411041792,65536.0,6422528,822083584.0,411107328.0,52.362011719745226,456.78592,456.78592,870.84814453125,0.06012760324353684,0.9440033709235283,7.509123597227424
15.7,0.9,64,28,28,2048,32,8,1,4,411041792,32768.0,6422528,411041792.0,411074560.0,26.181005859872613,456.74951111111113,456.74951111111113,843.13671875,0.031051910416957644,0.487514993546235,14.540936650586092
15.7,0.9,64,28,28,2048,32,16,1,4,411041792,16384.0,6422528,205520896.0,411058176.0,13.090502929936306,456.7313066666667,456.7313066666667,849.3125,0.015413058126350791,0.24198501258370742,29.295528432226256
15.7,0.9,64,28,28,2048,32,32,1,4,411041792,8192.0,6422528,102760448.0,411049984.0,6.545251464968153,456.72220444444446,456.72220444444446,888.38427734375,0.007367590390656525,0.11567116913330744,61.28716591516133
15.7,0.9,64,28,28,2048,64,1,1,4,411041792,524288.0,12845056,6576668672.0,411566080.0,418.8960937579618,457.29564444444446,457.29564444444446,1515.52001953125,0.27640419681656614,4.339545890020088,3.216527561567858
15.7,0.9,64,28,28,2048,64,2,1,4,411041792,262144.0,12845056,3288334336.0,411303936.0,209.4480468789809,457.0043733333333,457.0043733333333,863.7763671875,0.24247948292560312,3.8069278819319687,3.6667171446128477
15.7,0.9,64,28,28,2048,64,4,1,4,411041792,131072.0,12845056,1644167168.0,411172864.0,104.72402343949045,456.8587377777778,456.8587377777778,775.45556640625,0.13504838700793728,2.1202596760246153,6.5845773800995575
15.7,0.9,64,28,28,2048,64,8,1,4,411041792,65536.0,12845056,822083584.0,411107328.0,52.362011719745226,456.78592,456.78592,734.59228515625,0.07128037249752449,1.1191018482111343,12.47630161227602
15.7,0.9,64,28,28,2048,64,16,1,4,411041792,32768.0,12845056,411041792.0,411074560.0,26.181005859872613,456.74951111111113,456.74951111111113,771.29541015625,0.03394420025729031,0.5329239440394579,26.200694054678472
15.7,0.9,64,28,28,2048,64,32,1,4,411041792,16384.0,12845056,205520896.0,411058176.0,13.090502929936306,456.7313066666667,456.7313066666667,839.51953125,0.015592850961365059,0.24480776009343141,57.037953232273914
15.7,0.9,64,28,28,2048,64,64,1,4,411041792,8192.0,12845056,102760448.0,411049984.0,6.545251464968153,456.72220444444446,456.72220444444446,1113.599609375,0.005877562644478323,0.09227773351830967,151.32060245473812
15.7,0.9,64,28,28,2048,128,1,1,4,411041792,1048576.0,25690112,13153337344.0,412090368.0,837.7921875159236,457.8781866666667,837.7921875159236,2580.5126953125,0.32466113770250876,5.097179861929387,5.315418517675435
15.7,0.9,64,28,28,2048,128,2,1,4,411041792,524288.0,25690112,6576668672.0,411566080.0,418.8960937579618,457.29564444444446,457.29564444444446,1370.912109375,0.30556013831472895,4.797294171541244,5.647842986243112
15.7,0.9,64,28,28,2048,128,4,1,4,411041792,262144.0,25690112,3288334336.0,411303936.0,209.4480468789809,457.0043733333333,457.0043733333333,827.26416015625,0.2531815796775498,3.9749508009375316,6.816773341483429
15.7,0.9,64,28,28,2048,128,8,1,4,411041792,131072.0,25690112,1644167168.0,411172864.0,104.72402343949045,456.8587377777778,456.8587377777778,788.38427734375,0.13283372899359439,2.0854895451994317,12.994970527445142
15.7,0.9,64,28,28,2048,128,16,1,4,411041792,65536.0,25690112,822083584.0,411107328.0,52.362011719745226,456.78592,456.78592,852.671875,0.06140933371321204,0.964126539297429,28.112043822656023
15.7,0.9,64,28,28,2048,128,32,1,4,411041792,32768.0,25690112,411041792.0,411074560.0,26.181005859872613,456.74951111111113,456.74951111111113,900.09619140625,0.02908689772253026,0.456664294243725,59.353854158774716
15.7,0.9,64,28,28,2048,128,64,1,4,411041792,16384.0,25690112,205520896.0,411058176.0,13.090502929936306,456.7313066666667,456.7313066666667,1134.3681640625,0.011539906835057354,0.18117653731040045,149.60793355275462
15.7,0.9,64,28,28,2048,128,128,1,4,411041792,8192.0,25690112,102760448.0,411049984.0,6.545251464968153,456.72220444444446,456.72220444444446,1529.66455078125,0.0042788802692886345,0.06717842022783156,403.4885156317776
15.7,0.9,64,28,28,2048,256,1,1,4,411041792,2097152.0,51380224,26306674688.0,413138944.0,1675.5843750318472,459.0432711111111,1675.5843750318472,4310.43212890625,0.38872770175296045,6.103024917521479,8.384747330057108
15.7,0.9,64,28,28,2048,256,2,1,4,411041792,1048576.0,51380224,13153337344.0,412090368.0,837.7921875159236,457.8781866666667,837.7921875159236,2286.399902343749,0.36642417044241354,5.752859475945892,8.895386746072981
15.7,0.9,64,28,28,2048,256,4,1,4,411041792,524288.0,51380224,6576668672.0,411566080.0,418.8960937579618,457.29564444444446,457.29564444444446,1278.17578125,0.32772964399959115,5.145355410793581,9.946186603061738
15.7,0.9,64,28,28,2048,256,8,1,4,411041792,262144.0,51380224,3288334336.0,411303936.0,209.4480468789809,457.0043733333333,457.0043733333333,874.39990234375,0.23953347469227104,3.7606755526686553,13.610040022132077
15.7,0.9,64,28,28,2048,256,16,1,4,411041792,131072.0,51380224,1644167168.0,411172864.0,104.72402343949045,456.8587377777778,456.8587377777778,955.10400390625,0.10964672225347495,1.7214535393795567,29.737772053331476
15.7,0.9,64,28,28,2048,256,32,1,4,411041792,65536.0,51380224,822083584.0,411107328.0,52.362011719745226,456.78592,456.78592,1052.35205078125,0.04975712422555976,0.7811868503412882,65.53676265816028
15.7,0.9,64,28,28,2048,256,64,1,4,411041792,32768.0,51380224,411041792.0,411074560.0,26.181005859872613,456.74951111111113,456.74951111111113,1239.93603515625,0.02111480360079496,0.33150241653248086,154.44381106845918
15.7,0.9,64,28,28,2048,256,128,1,4,411041792,16384.0,51380224,205520896.0,411058176.0,13.090502929936306,456.7313066666667,456.7313066666667,1497.11962890625,0.008743792197487804,0.13727753750055852,372.9625280168322
15.7,0.9,64,28,28,2048,256,256,1,4,411041792,8192.0,51380224,102760448.0,411049984.0,6.545251464968153,456.72220444444446,456.72220444444446,2658.11279296875,0.0024623678431862175,0.03865917513802361,1324.3899925993146
15.7,0.9,64,28,28,2048,512,1,1,4,411041792,4194304.0,102760448,52613349376.0,415236096.0,3351.1687500636945,461.37344,3351.1687500636945,8549.791015624998,0.39195914191812803,6.15375852811461,14.968049983710655
15.7,0.9,64,28,28,2048,512,2,1,4,411041792,2097152.0,102760448,26306674688.0,413138944.0,1675.5843750318472,459.0432711111111,1675.5843750318472,4520.7041015625,0.37064677036763183,5.81915429477182,15.829189609629768
15.7,0.9,64,28,28,2048,512,4,1,4,411041792,1048576.0,102760448,13153337344.0,412090368.0,837.7921875159236,457.8781866666667,837.7921875159236,2476.927734375,0.3382384459138541,5.310343600847509,17.346645938620277
15.7,0.9,64,28,28,2048,512,8,1,4,411041792,524288.0,102760448,6576668672.0,411566080.0,418.8960937579618,457.29564444444446,457.29564444444446,1442.72021484375,0.2903515799169205,4.558519804695652,20.20892560311726
15.7,0.9,64,28,28,2048,512,16,1,4,411041792,262144.0,102760448,3288334336.0,411303936.0,209.4480468789809,457.0043733333333,457.0043733333333,1154.1435546875,0.18147486595434117,2.849155395483156,32.33826478354786
15.7,0.9,64,28,28,2048,512,32,1,4,411041792,131072.0,102760448,1644167168.0,411172864.0,104.72402343949045,456.8587377777778,456.8587377777778,1242.88037109375,0.0842591337630765,1.322868400080301,69.65863049468217
15.7,0.9,64,28,28,2048,512,64,1,4,411041792,65536.0,102760448,822083584.0,411107328.0,52.362011719745226,456.78592,456.78592,1447.90380859375,0.0361640126981922,0.5677749993616176,162.30965647600132
15.7,0.9,64,28,28,2048,512,128,1,4,411041792,32768.0,102760448,411041792.0,411074560.0,26.181005859872613,456.74951111111113,456.74951111111113,1754.0166015625,0.014926315883527125,0.23434315937137587,393.2612637033268
15.7,0.9,64,28,28,2048,512,256,1,4,411041792,16384.0,102760448,205520896.0,411058176.0,13.090502929936306,456.7313066666667,456.7313066666667,2754.560546875,0.0047523017581832605,0.07461113760347719,1235.1961635978855
15.7,0.9,64,28,28,2048,512,512,1,4,411041792,8192.0,102760448,102760448.0,411049984.0,6.545251464968153,456.72220444444446,456.72220444444446,1127.48828125,0.005805161413927692,0.09114103419866476,1011.1719359105948
15.7,0.9,64,28,28,2048,1024,1,1,4,411041792,8388608.0,205520896,105226698752.0,419430400.0,6702.337500127389,466.0337777777778,6702.337500127389,18882.337890625004,0.3549527361998468,5.572757958337594,27.549048659854204
15.7,0.9,64,28,28,2048,1024,2,1,4,411041792,4194304.0,205520896,52613349376.0,415236096.0,3351.1687500636945,461.37344,3351.1687500636945,10058.943359375,0.33315315837228404,5.23050458644486,29.352586186459273
15.7,0.9,64,28,28,2048,1024,4,1,4,411041792,2097152.0,205520896,26306674688.0,413138944.0,1675.5843750318472,459.0432711111111,1675.5843750318472,4828.7041015625,0.3470049810030091,5.447978201747242,28.18033996508235
15.7,0.9,64,28,28,2048,1024,8,1,4,411041792,1048576.0,205520896,13153337344.0,412090368.0,837.7921875159236,457.8781866666667,837.7921875159236,2768.8955078125,0.30257269916906376,4.750391376954301,32.32057248370177
15.7,0.9,64,28,28,2048,1024,16,1,4,411041792,524288.0,205520896,6576668672.0,411566080.0,418.8960937579618,457.29564444444446,457.29564444444446,1771.2001953125,0.23650409189575222,3.71311424276331,41.353287671699015
15.7,0.9,64,28,28,2048,1024,32,1,4,411041792,262144.0,205520896,3288334336.0,411303936.0,209.4480468789809,457.0043733333333,457.0043733333333,1586.39990234375,0.132027269145404,2.0728281255828427,74.08805214547787
15.7,0.9,64,28,28,2048,1024,64,1,4,411041792,131072.0,205520896,1644167168.0,411172864.0,104.72402343949045,456.8587377777778,456.8587377777778,1834.56005859375,0.057083998394560506,0.8962187747945999,171.37311878171909
15.7,0.9,64,28,28,2048,1024,128,1,4,411041792,65536.0,205520896,822083584.0,411107328.0,52.362011719745226,456.78592,456.78592,2094.495605468749,0.02499981932787421,0.3924971634476251,391.32680234779286
15.7,0.9,64,28,28,2048,1024,256,1,4,411041792,32768.0,205520896,411041792.0,411074560.0,26.181005859872613,456.74951111111113,456.74951111111113,2834.208496093751,0.009237501720835498,0.1450287770171173,1059.086548052678
15.7,0.9,64,28,28,2048,1024,512,1,4,411041792,16384.0,205520896,205520896.0,411058176.0,13.090502929936306,456.7313066666667,456.7313066666667,1883.0390625,0.006951795738404288,0.10914319309294733,1407.3119056338355
15.7,0.9,64,28,28,2048,1024,1024,1,4,411041792,8192.0,205520896,102760448.0,411049984.0,6.545251464968153,456.72220444444446,456.72220444444446,1573.7919921875,0.004158905050641762,0.06529480929507565,2352.393908390382
15.7,0.9,64,28,28,2048,2048,1,1,4,411041792,16777216.0,411041792,210453397504.0,427819008.0,13404.675000254778,475.3544533333333,13404.675000254778,38202.97656250001,0.3508803817504835,5.5088219934825915,41.803415563945876
15.7,0.9,64,28,28,2048,2048,2,1,4,411041792,8388608.0,411041792,105226698752.0,419430400.0,6702.337500127389,466.0337777777778,6702.337500127389,15917.408203124996,0.4210696499453691,6.610793504142294,34.831686347875056
15.7,0.9,64,28,28,2048,2048,4,1,4,411041792,4194304.0,411041792,52613349376.0,415236096.0,3351.1687500636945,461.37344,3351.1687500636945,8658.8486328125,0.38702244284124804,6.076252352607594,37.897700998399934
15.7,0.9,64,28,28,2048,2048,8,1,4,411041792,2097152.0,411041792,26306674688.0,413138944.0,1675.5843750318472,459.0432711111111,1675.5843750318472,5070.49609375,0.3304576798899831,5.188185574272734,44.3881806779881
15.7,0.9,64,28,28,2048,2048,16,1,4,411041792,1048576.0,411041792,13153337344.0,412090368.0,837.7921875159236,457.8781866666667,837.7921875159236,3219.10400390625,0.26025632800285337,4.086024349644798,56.3669210067209
15.7,0.9,64,28,28,2048,2048,32,1,4,411041792,524288.0,411041792,6576668672.0,411566080.0,418.8960937579618,457.29564444444446,457.29564444444446,2506.527343750001,0.16712209216567087,2.6238168470010326,87.79059902015999
15.7,0.9,64,28,28,2048,2048,64,1,4,411041792,262144.0,411041792,3288334336.0,411303936.0,209.4480468789809,457.0043733333333,457.0043733333333,3072.896484375,0.06815981206785779,1.0701090494653673,215.28475173152222
15.7,0.9,64,28,28,2048,2048,128,1,4,411041792,131072.0,411041792,1644167168.0,411172864.0,104.72402343949045,456.8587377777778,456.8587377777778,3245.4072265625,0.032268376856488666,0.506613516646872,454.7641414574215
15.7,0.9,64,28,28,2048,2048,256,1,4,411041792,65536.0,411041792,822083584.0,411107328.0,52.362011719745226,456.78592,456.78592,3453.536132812499,0.015161854315710467,0.23804111275665432,967.8796210872882
15.7,0.9,64,28,28,2048,2048,512,1,4,411041792,32768.0,411041792,411041792.0,411074560.0,26.181005859872613,456.74951111111113,456.74951111111113,3479.487304687499,0.007524386085444847,0.11813286154148409,1950.3259814320775
15.7,0.9,64,28,28,2048,2048,1024,1,4,411041792,16384.0,411041792,205520896.0,411058176.0,13.090502929936306,456.7313066666667,456.7313066666667,2807.0400390625,0.004663454296258736,0.07321623245126216,3146.8227478728004
15.7,0.9,64,28,28,2048,2048,2048,1,4,411041792,8192.0,411041792,102760448.0,411049984.0,6.545251464968153,456.72220444444446,456.72220444444446,1530.27197265625,0.0042771818225272006,0.06715175461367705,3431.0142881821607
15.7,0.9,64,28,28,128,128,1,1,4,25690112,65536.0,25690112,822083584.0,25755648.0,52.362011719745226,28.61738666666667,52.362011719745226,515.075390625,0.10165892735859192,1.596045159529893,9.021025590750636
15.7,0.9,64,28,28,128,128,1,1,4,25690112,65536.0,25690112,822083584.0,25755648.0,52.362011719745226,28.61738666666667,52.362011719745226,600.5697265625,0.087187231396846,1.368839532930482,10.518584307967402
